name	pool	seq	length
DENV_1_LEFT	1	CAATATGCTGAAACGCGCGAG	21
DENV_1_RIGHT	1	AGGTCCAAGGCAGTGGTAAGT	21
DENV_2_LEFT	2	CCATAACACCTCAAGCTCCTACG	23
DENV_2_RIGHT	2	GGGTGTAGGAGTCACGCAATTT	22
DENV_3_LEFT	1	AACACCACCTTCATCATCGACG	22
DENV_3_RIGHT	1	GCTGAGCTTCCGGATATGACAT	22
DENV_4_LEFT	2	ATCTGGGGAAGGAAAAGTTGGC	22
DENV_4_RIGHT	2	TCATTTCCTGATTTGATGCTTGGAAC	26
DENV_5_LEFT	1	AGGCCTTTCCACAGAGCAATG	21
DENV_5_RIGHT	1	TCCAGGCTGAAGCTGGATGTA	21
DENV_6_LEFT	2	AGAGCCAGACAGACAACGCA	20
DENV_6_RIGHT	2	CCTGTTCCACATGAAACCCAGT	22
DENV_7_LEFT	1	CCATGGCTCAGAGGAAACCAAT	22
DENV_7_RIGHT	1	TTGCCATTCTTTTCAGCCTTTCG	23
DENV_8_LEFT	2	ATGTATGCAGATGACACAGCCG	22
DENV_8_RIGHT	2	GGTCTCCTCTAACCTCTAGTCCTT	24
